Date,Clicks,Impressions,CTR,Position
2026-06-26,0,94,0%,50.5
2026-06-27,0,99,0%,51.6
2026-06-28,0,55,0%,41.4
2026-06-29,0,61,0%,55
2026-06-30,1,116,0.86%,45.8
2026-07-01,1,75,1.33%,31.5
2026-07-02,2,91,2.2%,26.2
2026-07-03,3,100,3%,42.5
2026-07-04,0,78,0%,45.2
2026-07-05,16,87,18.39%,18.6
2026-07-06,9,108,8.33%,28.7
2026-07-07,3,82,3.66%,33.7
2026-07-08,2,93,2.15%,22.9
2026-07-09,1,98,1.02%,27.4
2026-07-10,4,115,3.48%,36.4
2026-07-11,0,103,0%,33.8
2026-07-12,0,85,0%,31.7
2026-07-13,1,108,0.93%,21.2
2026-07-14,1,131,0.76%,22.3
2026-07-15,1,116,0.86%,16.9
2026-07-16,0,111,0%,19.6
2026-07-17,0,121,0%,18.2
2026-07-18,1,106,0.94%,19.6
2026-07-19,2,99,2.02%,11.1
2026-07-20,0,152,0%,14.1
2026-07-21,2,147,1.36%,14.8
2026-07-22,3,150,2%,15.7
2026-07-23,5,147,3.4%,17.1
2026-07-24,2,156,1.28%,16.6
2026-07-25,0,276,0%,60.8
2026-07-26,0,112,0%,21.1
2026-07-27,1,170,0.59%,21.1
2026-07-28,4,162,2.47%,15.3
2026-07-29,1,169,0.59%,16.9
2026-07-30,0,133,0%,18.3
2026-07-31,0,182,0%,22.5
2026-08-01,4,132,3.03%,17.4
2026-08-02,2,148,1.35%,23.2
2026-08-03,1,217,0.46%,13.8
2026-08-04,4,202,1.98%,16
2026-08-05,2,203,0.99%,13
2026-08-06,3,229,1.31%,13.8
2026-08-07,4,210,1.9%,13.8
2026-08-08,2,147,1.36%,13.7
2026-08-09,3,176,1.7%,21.6
2026-08-10,2,220,0.91%,17.6
2026-08-11,3,212,1.42%,21.1
2026-08-12,3,418,0.72%,43.9
2026-08-13,2,515,0.39%,44
2026-08-14,2,413,0.48%,44.3
2026-08-15,2,352,0.57%,42.9
2026-08-16,6,403,1.49%,40.1
2026-08-17,4,461,0.87%,35.4
2026-08-18,6,586,1.02%,34.3
2026-08-19,6,550,1.09%,39.9
2026-08-20,4,612,0.65%,34.4
2026-08-21,4,464,0.86%,31.1
2026-08-22,3,504,0.6%,35.8
2026-08-23,8,498,1.61%,31.5
2026-08-24,8,687,1.16%,22.3
2026-08-25,10,698,1.43%,33.6
2026-08-26,9,641,1.4%,32.9
2026-08-27,8,488,1.64%,31.8
2026-08-28,6,576,1.04%,38.4
2026-08-29,6,768,0.78%,47.3
2026-08-30,6,712,0.84%,37.1
2026-08-31,9,748,1.2%,21.1
2026-09-01,10,653,1.53%,17.1
2026-09-02,18,751,2.4%,15.1
2026-09-03,13,634,2.05%,13.2
2026-09-04,8,621,1.29%,14.3
2026-09-05,10,648,1.54%,16.7
2026-09-06,16,576,2.78%,12.1
2026-09-07,15,833,1.8%,11.3
2026-09-08,20,733,2.73%,12
2026-09-09,17,717,2.37%,10
2026-09-10,14,686,2.04%,10.4
2026-09-11,15,651,2.3%,13
2026-09-12,9,491,1.83%,13.6
2026-09-13,7,424,1.65%,11.1
2026-09-14,9,488,1.84%,13.8
2026-09-15,19,837,2.27%,10.7
2026-09-16,29,1273,2.28%,10.2
2026-09-17,23,1110,2.07%,8.7
2026-09-18,33,956,3.45%,9
2026-09-19,18,863,2.09%,9
2026-09-20,18,1041,1.73%,7.1
2026-09-21,20,1123,1.78%,6.9
2026-09-22,24,1081,2.22%,7.9
2026-09-23,31,1105,2.81%,8.1
2026-09-24,18,1073,1.68%,8.6
2026-09-25,20,1004,1.99%,9.1