Country,Clicks,Impressions,CTR,Position
India,606,35730,1.7%,20
Philippines,6,192,3.12%,31.93
Indonesia,5,155,3.23%,18.68
Pakistan,4,192,2.08%,15.69
Bangladesh,3,141,2.13%,35.96
Nigeria,3,68,4.41%,6
South Africa,3,23,13.04%,7.65
Saudi Arabia,2,31,6.45%,18.52
Uzbekistan,2,5,40%,6.4
United Kingdom,1,104,0.96%,18.46
Malaysia,1,82,1.22%,32.52
Canada,1,23,4.35%,8.83
Brazil,1,22,4.55%,6.73
Ireland,1,8,12.5%,7.25
Lebanon,1,5,20%,5.8
Botswana,1,5,20%,6.8
Bahrain,1,3,33.33%,8
United States,0,300,0%,25.74
Nepal,0,64,0%,9.23
Vietnam,0,55,0%,46.42
Australia,0,37,0%,11.76
Germany,0,37,0%,19.08
Turkey,0,30,0%,45.83
Thailand,0,28,0%,31.29
United Arab Emirates,0,26,0%,6
Morocco,0,22,0%,58.27
Spain,0,21,0%,33.38
Netherlands,0,20,0%,28.1
France,0,20,0%,33.55
Mexico,0,20,0%,43.6
Italy,0,15,0%,6.67
Algeria,0,15,0%,32.33
Egypt,0,14,0%,7.93
Sri Lanka,0,14,0%,15.93
Kuwait,0,13,0%,6.08
Singapore,0,12,0%,7.17
South Korea,0,12,0%,7.92
Ukraine,0,12,0%,15.25
Ghana,0,11,0%,9.36
Russia,0,11,0%,53.09
Romania,0,10,0%,7.6
Japan,0,9,0%,6.11
Colombia,0,8,0%,6.62
China,0,8,0%,6.75
Hong Kong,0,8,0%,7.5
Belgium,0,8,0%,8.62
Qatar,0,8,0%,17.88
Kenya,0,8,0%,30.12
Rwanda,0,7,0%,7.14
Iran,0,7,0%,8.43
Serbia,0,7,0%,23.71
Tunisia,0,7,0%,35.29
Macau,0,6,0%,5.17
Latvia,0,6,0%,7.5
Uganda,0,6,0%,7.67
Sweden,0,6,0%,8.17
Poland,0,6,0%,18
Cambodia,0,5,0%,7.6
Peru,0,5,0%,9
Hungary,0,5,0%,18.4
Jordan,0,5,0%,59.4
Mauritius,0,4,0%,6.5
Malta,0,4,0%,6.75
Ethiopia,0,3,0%,2.33
Greece,0,3,0%,5
Taiwan,0,3,0%,5.33
Trinidad & Tobago,0,3,0%,5.67
Chile,0,3,0%,6
New Zealand,0,3,0%,6.67
Iraq,0,3,0%,8.33
Norway,0,3,0%,8.33
Switzerland,0,3,0%,9
Argentina,0,3,0%,9.33
Curaçao,0,3,0%,9.67
Venezuela,0,3,0%,10
Myanmar (Burma),0,3,0%,36
Haiti,0,2,0%,1
Belarus,0,2,0%,3
Mozambique,0,2,0%,3
Mongolia,0,2,0%,3.5
Malawi,0,2,0%,5.5
Portugal,0,2,0%,5.5
Zambia,0,2,0%,6.5
Austria,0,2,0%,7
Tanzania,0,2,0%,7.5
Angola,0,2,0%,8
Togo,0,2,0%,8
Armenia,0,2,0%,8.5
Costa Rica,0,2,0%,9
Oman,0,2,0%,10
Syria,0,2,0%,10
Czechia,0,1,0%,1
Brunei,0,1,0%,2
Western Sahara,0,1,0%,2
Maldives,0,1,0%,3
Réunion,0,1,0%,3
Laos,0,1,0%,4
Zimbabwe,0,1,0%,4
Congo - Kinshasa,0,1,0%,6
Georgia,0,1,0%,6
Mauritania,0,1,0%,6
Paraguay,0,1,0%,6
Guinea,0,1,0%,7
Slovakia,0,1,0%,8
Azerbaijan,0,1,0%,9
Barbados,0,1,0%,9
Eritrea,0,1,0%,9
Montserrat,0,1,0%,9
Yemen,0,1,0%,9
Unknown Region,0,1,0%,9
Albania,0,1,0%,10
Antigua & Barbuda,0,1,0%,10
Finland,0,1,0%,10
Guam,0,1,0%,10
Guernsey,0,1,0%,11
Lithuania,0,1,0%,11
Croatia,0,1,0%,16
Ecuador,0,1,0%,28
Kyrgyzstan,0,1,0%,37
Kosovo,0,1,0%,73
Denmark,0,1,0%,79