Top pages,Clicks,Impressions,CTR,Position
https://www.sizesnap.in/compress-image/to-12kb,81,6795,1.19%,7.36
https://www.sizesnap.in/compress-pdf-to-12kb,60,714,8.4%,5.73
https://www.sizesnap.in/,58,1191,4.87%,34.62
https://www.sizesnap.in/resize-image/to-14kb,44,3562,1.24%,6.58
https://www.sizesnap.in/document-scanner/bw-filter,40,553,7.23%,15.82
https://www.sizesnap.in/resize-image/to-13kb,35,2030,1.72%,6.46
https://www.sizesnap.in/compress-image/to-28kb,28,1183,2.37%,6.59
https://www.sizesnap.in/compress-image/to-14kb,25,3860,0.65%,7.53
https://www.sizesnap.in/compress-image/to-11kb,21,3639,0.58%,6.92
https://www.sizesnap.in/compress-pdf/to-10kb,19,437,4.35%,10.96
https://www.sizesnap.in/signature-resize/30kb,18,274,6.57%,7.59
https://www.sizesnap.in/remove-shadow-from-document,16,304,5.26%,16.44
https://www.sizesnap.in/compress-pdf/to-140kb,15,1179,1.27%,8.56
https://www.sizesnap.in/compress-image/to-13kb,12,1346,0.89%,7.34
https://www.sizesnap.in/resize-image-to-100kb,10,676,1.48%,59.53
https://www.sizesnap.in/resize-image/to-38kb,10,225,4.44%,6.08
https://www.sizesnap.in/privacy-policy,10,92,10.87%,4.53
https://www.sizesnap.in/resize-image/to-45kb,9,354,2.54%,10.32
https://www.sizesnap.in/compress-pdf/to-12kb,9,167,5.39%,9.9
https://jaldibhejo.sizesnap.in/,9,37,24.32%,1.95
https://www.sizesnap.in/passport-size-photo-maker,7,823,0.85%,66.26
https://www.sizesnap.in/resize-image-to-20kb,7,630,1.11%,41.01
https://www.sizesnap.in/resize-image/to-11kb,6,405,1.48%,7.43
https://www.sizesnap.in/compress-pdf/to-120kb,6,297,2.02%,8.74
https://www.sizesnap.in/compress-pdf-to-15kb,6,190,3.16%,7.05
https://www.sizesnap.in/compress-pdf/to-13kb,6,135,4.44%,7.67
https://www.sizesnap.in/resize-image/to-110kb,5,290,1.72%,7.89
https://www.sizesnap.in/convert-image/to-jpg,4,1059,0.38%,81.04
https://www.sizesnap.in/resize-image/to-90kb,4,277,1.44%,10.68
https://www.sizesnap.in/compress-pdf/to-30kb,4,139,2.88%,11.13
https://www.sizesnap.in/blog,4,52,7.69%,11.9
https://www.sizesnap.in/whatsapp-dp,3,473,0.63%,59.22
https://www.sizesnap.in/blog/how-to-make-whatsapp-dp-without-cropping,3,362,0.83%,10.11
https://www.sizesnap.in/compress-pdf/to-15kb,3,270,1.11%,18.21
https://jaldibhejo.sizesnap.in/file-sharing,3,51,5.88%,18.63
https://jaldibhejo.sizesnap.in/tools/html-formatter,3,34,8.82%,9.76
https://www.sizesnap.in/merge-pdf/combine,3,21,14.29%,27.05
https://www.sizesnap.in/jpg-to-pdf,2,766,0.26%,65.2
https://www.sizesnap.in/resize-image-to-50kb,2,623,0.32%,60.23
https://www.sizesnap.in/compress-image/to-10kb,2,342,0.58%,59.74
https://www.sizesnap.in/compress-image/to-150kb,2,317,0.63%,44.86
https://www.sizesnap.in/resize-image/to-65kb,2,307,0.65%,8.6
https://www.sizesnap.in/watermark-image/add-text,2,255,0.78%,61.38
https://www.sizesnap.in/compress-image/to-33kb,2,209,0.96%,7.88
https://www.sizesnap.in/resize-image/to-150kb,2,95,2.11%,25.27
https://www.sizesnap.in/contact,2,82,2.44%,5.38
https://www.sizesnap.in/compress-pdf/to-24kb,2,72,2.78%,16.07
https://sizesnap.in/,2,35,5.71%,1.57
https://jaldibhejo.sizesnap.in/contact,2,16,12.5%,7.12
https://sizesnap.in/compress-pdf/to-30kb,2,11,18.18%,2.36
https://www.sizesnap.in/resize-image/to-10kb,1,296,0.34%,45.66
https://www.sizesnap.in/resize-image-to-200kb,1,183,0.55%,46.6
https://www.sizesnap.in/compress-image/to-85kb,1,134,0.75%,10.39
https://sizesnap.in/resize-image/to-14kb,1,104,0.96%,4.24
https://www.sizesnap.in/resize-image/to-40kb,1,49,2.04%,23.61
https://www.sizesnap.in/resize-image/for-govt-form,1,42,2.38%,45.69
https://sizesnap.in/hi/resize-image/to-14kb,1,30,3.33%,6.97
https://sizesnap.in/compress-pdf/to-120kb,1,29,3.45%,5.34
https://www.sizesnap.in/resize-image/for-email,1,28,3.57%,45.25
https://jaldibhejo.sizesnap.in/blog,1,27,3.7%,4.33
https://www.sizesnap.in/compress-image,1,27,3.7%,14.22
https://sizesnap.in/resize-image/to-45kb,1,23,4.35%,5.26
https://sizesnap.in/compress-pdf/to-140kb,1,21,4.76%,3.24
https://sizesnap.in/hi/compress-image/to-37kb,1,18,5.56%,7
https://www.sizesnap.in/compress-pdf/for-linkedin,1,16,6.25%,34.31
https://jaldibhejo.sizesnap.in/blog/ultimate-guide-to-peer-to-peer-file-sharing,1,16,6.25%,49.56
https://sizesnap.in/hi/compress-image/to-40kb,1,15,6.67%,42.2
https://www.sizesnap.in/passport-photo/delhi-police-photo,1,13,7.69%,27.08
https://www.sizesnap.in/stories/passport-photo-fix,1,13,7.69%,31.31
https://www.sizesnap.in/image-to-pdf/convert,1,6,16.67%,58.5
https://jaldibhejo.sizesnap.in/blog/why-webassembly-is-the-future,1,3,33.33%,30.67
https://www.sizesnap.in/resize-image-to-200-kb,1,1,100%,1
https://www.sizesnap.in/compress-pdf-to-12kb-online-free-high-quality-sizeSnap,1,1,100%,2
https://www.sizesnap.in/compress-pdf-to-13kb,1,1,100%,2
https://www.sizesnap.in/merge-pdf-online,0,695,0%,77.23
https://www.sizesnap.in/compress-image-to-50kb,0,220,0%,72.08
https://www.sizesnap.in/passport-photo/us-visa,0,211,0%,71.47
https://www.sizesnap.in/stories/ssc-photo-rejection,0,176,0%,20.49
https://www.sizesnap.in/hi/resize-image/to-14kb,0,78,0%,8.59
https://www.sizesnap.in/resize-image/to-5mb,0,76,0%,31.05
https://sizesnap.in/compress-image/to-14kb,0,69,0%,3.03
https://www.sizesnap.in/convert-image/to-webp,0,63,0%,70.24
https://sizesnap.in/resize-image/to-5mb,0,60,0%,49.78
https://sizesnap.in/resize-image/to-65kb,0,54,0%,9.26
https://www.sizesnap.in/image-size-guide,0,53,0%,38.83
https://jaldibhejo.sizesnap.in/blog/top-5-webrtc-use-cases,0,44,0%,33.02
https://www.sizesnap.in/blog/how-to-compress-pdf-for-government-exams,0,42,0%,26.83
https://sizesnap.in/resize-image/to-90kb,0,41,0%,17.76
https://www.sizesnap.in/compress-pdf/to-225kb,0,34,0%,5.44
https://www.sizesnap.in/pdf-to-jpg,0,34,0%,49.97
https://www.sizesnap.in/stories/resize-to-50kb,0,30,0%,34.77
https://www.sizesnap.in/word-to-pdf,0,27,0%,57.7
https://sizesnap.in/word-to-pdf,0,26,0%,22.23
https://www.sizesnap.in/resize-image/to-50kb,0,25,0%,53.04
https://jaldibhejo.sizesnap.in/terms-of-service,0,24,0%,12.04
https://www.sizesnap.in/blog/how-to-resize-image-to-20kb,0,22,0%,54.68
https://sizesnap.in/resize-image/to-38kb,0,21,0%,3.52
https://www.sizesnap.in/hi/compress-image/to-37kb,0,21,0%,8.57
https://jaldibhejo.sizesnap.in/tools/jpg-to-png,0,21,0%,35.19
https://www.sizesnap.in/resize-image/without-losing-quality,0,21,0%,70.33
https://www.sizesnap.in/pdf-under-500kb,0,20,0%,48.6
https://www.sizesnap.in/compress-image/to-30kb,0,20,0%,48.8
https://jaldibhejo.sizesnap.in/tools/webp-converter,0,18,0%,13.06
https://sizesnap.in/resize-image-to-15kb,0,16,0%,11.56
https://sizesnap.in/blog/document-scanner-app-alternative,0,16,0%,18.5
https://sizesnap.in/compress-image/to-150kb,0,16,0%,21.69
https://www.sizesnap.in/resize-image/for-instagram,0,16,0%,32.06
https://jaldibhejo.sizesnap.in/blog/future-of-file-sharing,0,16,0%,35.88
https://www.sizesnap.in/resize-image/to-14-kb,0,15,0%,7.47
https://sizesnap.in/compress-pdf/to-24kb,0,14,0%,4.14
https://www.sizesnap.in/signature-resize/up-police-signature,0,14,0%,24.79
https://www.sizesnap.in/compress-image/for-email,0,14,0%,34.79
https://www.sizesnap.in/convert-image,0,14,0%,70
https://sizesnap.in/tools,0,12,0%,61.17
https://jaldibhejo.sizesnap.in/privacy-policy,0,11,0%,10.36
https://www.sizesnap.in/hi/resize-image/to-2-5mb,0,11,0%,10.64
https://www.sizesnap.in/blog/document-scanner-app-alternative,0,10,0%,13.5
https://sizesnap.in/signature-resize/up-police-signature,0,8,0%,36.75
https://www.sizesnap.in/hi/compress-image/to-40kb,0,7,0%,7.29
https://www.sizesnap.in/passport-photo/indian-passport,0,7,0%,28.29
https://www.sizesnap.in/photo-size-for-delhi-police-form,0,6,0%,6
https://sizesnap.in/hi/resize-image/to-2-5mb,0,6,0%,6.33
https://sizesnap.in/compress-pdf/to-12kb,0,5,0%,1.6
https://sizesnap.in/compress-pdf/to-15kb,0,5,0%,3
https://www.sizesnap.in/resize-image-to-15kb,0,5,0%,8.8
https://www.sizesnap.in/compress-image/for-govt-form,0,5,0%,39
https://www.sizesnap.in/hi/resize-image/to-800kb,0,4,0%,6
https://sizesnap.in/hi/resize-image/to-2mb,0,4,0%,8.5
https://www.sizesnap.in/tools,0,4,0%,17.75
https://www.sizesnap.in/hi/resize-image/to-2mb,0,4,0%,23.25
https://www.sizesnap.in/resize-image/to-65kb/,0,3,0%,2
https://sizesnap.in/hi/resize-image/to-800kb,0,3,0%,4
https://www.sizesnap.in/compress-pdf/to-1mb,0,3,0%,43.67
https://www.sizesnap.in/compress-pdf-to-200kb,0,3,0%,75
https://sizesnap.in/resize-image/to-150kb,0,2,0%,1.5
https://www.sizesnap.in/#all-tools,0,2,0%,1.5
https://www.sizesnap.in/change-photo-background-to-white,0,2,0%,1.5
https://www.sizesnap.in/compress-pdf-to-100kb,0,2,0%,1.5
https://www.sizesnap.in/compress-image-to-13-kb,0,2,0%,2
https://www.sizesnap.in/compress-image-to-13kb,0,2,0%,2
https://www.sizesnap.in/remove-shadow-from-document-photo-online-free,0,2,0%,2
https://www.sizesnap.in/resize-image-to-14kb,0,2,0%,2.5
https://www.sizesnap.in/to-10kb,0,2,0%,3
https://sizesnap.in/passport-size-photo-maker,0,2,0%,3.5
https://jaldibhejo.sizesnap.in/tools,0,2,0%,5.5
https://www.sizesnap.in/compress-pdf/to-500kb,0,2,0%,52.5
https://www.sizesnap.in/compress-pdf/to-200kb,0,2,0%,87
https://sizesnap.in/blog/how-to-compress-pdf-for-government-exams,0,1,0%,1
https://sizesnap.in/compress-image/to-13kb,0,1,0%,1
https://sizesnap.in/resize-image/to-65kb/,0,1,0%,1
https://www.sizesnap.in/compress-image-to-14kb-online-free,0,1,0%,1
https://www.sizesnap.in/online-document-shadow-removal,0,1,0%,1
https://www.sizesnap.in/resize-image/to-45-kb,0,1,0%,1
https://www.sizesnap.in/to-30kb,0,1,0%,1
https://sizesnap.in/document-scanner/bw-filter,0,1,0%,2
https://www.sizesnap.in/resize-image-to-13-kb,0,1,0%,2
https://www.sizesnap.in/resize-image-to-14-kb,0,1,0%,2
https://www.sizesnap.in/to-13kb,0,1,0%,2
https://sizesnap.in/heic-to-jpg/to-60kb,0,1,0%,3
https://www.sizesnap.in/compress-image-to-14kb,0,1,0%,3
https://www.sizesnap.in/resize-image-to-13kb,0,1,0%,3
https://www.sizesnap.in/compress-to/11kb,0,1,0%,4
https://www.sizesnap.in/document-scanner/bw-filter/,0,1,0%,4
https://www.sizesnap.in/resize-image/to-20kb,0,1,0%,5
https://www.sizesnap.in/heic-to-jpg/to-60kb,0,1,0%,10
https://sizesnap.in/compress-image/for-govt-form,0,1,0%,31
https://www.sizesnap.in/signature-resize/upsc-signature,0,1,0%,58