Top queries,Clicks,Impressions,CTR,Position
sizesnap,35,110,31.82%,2.51
12 kb pdf converter,9,34,26.47%,5.35
compress pdf to 12 kb,6,30,20%,7.07
12kb,4,201,1.99%,5.67
resize image to 14kb,4,100,4%,5.14
12 kb converter,3,23,13.04%,5.57
12kb photo size,2,392,0.51%,7.94
14kb photo size,2,287,0.7%,6.15
12 kb photo size,2,111,1.8%,7.08
compress pdf to 12kb,2,56,3.57%,4.88
resize image 12kb,2,48,4.17%,7.04
compress pdf 12 kb,2,14,14.29%,6.43
14 kb photo size,1,579,0.17%,7.03
13kb photo size,1,233,0.43%,6.38
image compressor to 12kb,1,212,0.47%,8.69
14 kb,1,157,0.64%,7.1
12 kb,1,130,0.77%,6.55
11 kb photo size,1,123,0.81%,6.24
14kb photo size jpg,1,116,0.86%,6.92
compress image to 11kb,1,111,0.9%,7.64
image compressor to 14kb,1,92,1.09%,8.65
resize image to 12kb,1,91,1.1%,8.66
image 11,1,68,1.47%,6.87
compress image to 13kb,1,64,1.56%,7.16
photo size 14 kb,1,60,1.67%,6.63
14 kb photo size converter,1,59,1.69%,7.1
11kb converter,1,56,1.79%,6.82
image compressor to 13kb,1,48,2.08%,5.52
resize image to 13kb,1,46,2.17%,6.3
photo compressor to 14kb,1,41,2.44%,8.1
12 kb photo size jpg,1,35,2.86%,5.49
image compressor to 12 kb,1,35,2.86%,8.34
14kb jpg converter,1,34,2.94%,8.26
sign 20kb,1,33,3.03%,10.06
photo resizer 14 kb,1,32,3.12%,5.66
28 kb photo size,1,28,3.57%,8.11
pdf 140kb,1,26,3.85%,8.5
remove shadow from pdf online free,1,18,5.56%,9.17
compress pdf to 10kb,1,17,5.88%,13.71
jpg to pdf 200kb,1,16,6.25%,61.69
photo compressor 12 kb,1,15,6.67%,8.8
28kb jpg converter,1,13,7.69%,6.77
compress pdf to 15kb online free,1,13,7.69%,7.77
120kb pdf converter,1,11,9.09%,9.36
compress pdf to 10 kb,1,10,10%,12.2
passport size photo maker,1,10,10%,90.3
scanner black and white,1,9,11.11%,4.33
scan in black and white,1,9,11.11%,5.78
document scanner black and white,1,9,11.11%,6.11
scanner picture black and white,1,9,11.11%,6.44
black and white scanner,1,9,11.11%,8.56
pdf resize 140kb,1,8,12.5%,8.25
150 kb jpg,1,8,12.5%,17.25
28 kb photo size jpg,1,7,14.29%,8.43
140 kb pdf converter,1,7,14.29%,9
black and white photo scanner,1,6,16.67%,5.67
pdf compressor to 10kb,1,6,16.67%,18.33
28kb image compressor,1,4,25%,6.5
photo scanner black and white,1,4,25%,17.25
12 kb image converter,1,2,50%,4
pdf 15kb,1,2,50%,6
pdf size reducer 140 kb,1,2,50%,10
convert in jpg,1,1,100%,1
kb,1,1,100%,1
link send me,1,1,100%,1
png 45 kb,1,1,100%,1
scanning black and white photos,1,1,100%,1
convert into pdf 200kb,1,1,100%,2
eps topik,1,1,100%,2
make it 100kb,1,1,100%,2
resize image link,1,1,100%,2
jpg 110 kb,1,1,100%,8
pdf size reducer 15 kb,1,1,100%,8
reduce pdf size to 10kb online,1,1,100%,9
compress pdf to 150kb online free,1,1,100%,11
merge pdf small size,1,1,100%,145
compress image to 12kb,0,238,0%,8.58
13 kb photo size,0,210,0%,6.97
11kb,0,207,0%,7.14
11 kb,0,200,0%,6.64
11kb photo size,0,195,0%,6.94
compress image to 14kb,0,183,0%,7.99
11 compress,0,153,0%,6.2
compress image 12kb,0,135,0%,8.44
12kb image compressor,0,128,0%,8.97
14 kb photo size jpg,0,118,0%,6.44
12kb jpg converter,0,118,0%,7.75
photo compressor 14kb,0,112,0%,9.52
14kb,0,110,0%,6.89
compress 11,0,101,0%,6.95
14kb jpg,0,97,0%,8.18
compress to 12kb,0,91,0%,8.49
14 kb h,0,84,0%,3.06
compress pdf to 15kb,0,80,0%,9.57
13 kb,0,78,0%,5.71
13kb photo size jpg,0,69,0%,7.61
compress jpg to 12kb,0,64,0%,8.75
14 kb jpg,0,63,0%,7.94
resize image to 50kb,0,62,0%,71.34
photo 14 kb,0,61,0%,6.74
image compressor 12kb,0,60,0%,8.18
jpg to 12kb,0,59,0%,8.95
stamp size photo,0,59,0%,72.73
photo resize 50 kb,0,59,0%,76.1
compress image to 14 kb,0,58,0%,7.79
photo compressor to 12kb,0,54,0%,8.13
compress 12kb,0,53,0%,7.91
jpg 14 kb,0,52,0%,8.52
140kb pdf,0,52,0%,8.81
11kb hai,0,51,0%,7.33
14 kb converter,0,51,0%,7.47
pdf 140 kb,0,51,0%,9.18
140 kb pdf,0,49,0%,9.39
13 kb photo size jpg,0,48,0%,6.98
compress pdf to 140kb,0,47,0%,8.68
resize image to 20kb,0,47,0%,52.06
compress image 14 kb,0,46,0%,7.93
jpg compress to 12kb,0,45,0%,8.38
resize image to 100kb,0,45,0%,72.51
resize image 14 kb,0,43,0%,6.42
image compressor 12 kb,0,43,0%,8.19
jpg to 14 kb,0,42,0%,8.79
11 compress image,0,40,0%,6.17
jpg compress 12 kb,0,40,0%,6.95
pdf resize 140 kb,0,40,0%,9.75
100 kb photo size,0,40,0%,79.92
12 kb jpg,0,39,0%,8.08
image 14 kb,0,38,0%,7.21
pdf compressor to 140kb,0,38,0%,8.66
compress image 13kb,0,36,0%,6.64
jpg 12 kb,0,36,0%,7.61
compress image to 12kb online,0,36,0%,7.86
convert jpg to pdf 300 kb online,0,36,0%,49.03
compress jpeg to 14kb,0,34,0%,7.74
14 kb jpg converter,0,34,0%,8.62
13kb,0,33,0%,5.88
compress to 12 kb,0,32,0%,8.16
compress jpg to 12 kb,0,31,0%,6.81
jpg compress 14 kb,0,31,0%,8.35
add name and date in photo online,0,31,0%,70.65
convert image to jpg,0,31,0%,90.55
11 kb he,0,30,0%,6.1
image to jpg,0,29,0%,91.45
11kb h,0,28,0%,5.82
jpg 12 kb converter,0,28,0%,7.43
image compressor 14 kb,0,28,0%,8.11
jpg 14 kb converter,0,28,0%,8.29
140kb pdf converter,0,28,0%,8.32
compress image to 12 kb,0,28,0%,8.71
pdf to 140kb,0,28,0%,9.43
jpg to pdf 100kb,0,28,0%,58.11
resize image to 11kb,0,27,0%,7.19
image compressor to 14 kb,0,27,0%,7.56
11 kb hai,0,27,0%,8.3
11kb ki h,0,26,0%,4.54
compress pdf to 140 kb,0,26,0%,9.62
combine pdf online,0,26,0%,92.19
12 kb jpg converter,0,25,0%,7.36
100kb photo size,0,25,0%,80.24
compress jpg to 14kb,0,24,0%,8.33
pdf compressor 140kb,0,24,0%,9.25
photo resizer 50kb,0,24,0%,67.62
compress jpeg to 12kb,0,23,0%,6.87
pdf 140 kb converter,0,23,0%,9.83
image to jpg converter,0,23,0%,91.87
photo to jpg,0,23,0%,92.26
jpg 13 kb converter,0,22,0%,7.77
120kb pdf,0,22,0%,9.14
20 kb photo size,0,22,0%,54.55
reduce image size to 100kb,0,22,0%,76.18
pdf compressor 140 kb,0,21,0%,8.52
image resizer 50kb,0,21,0%,75.67
11 compressor,0,20,0%,5.65
resize 14 kb,0,20,0%,7.8
compress image 14kb,0,20,0%,8.9
compress jpeg to 11kb,0,20,0%,9.95
convert photo to jpg,0,20,0%,89
jpg to pdf 300 kb,0,19,0%,55.53
convert image to jpg 12 kb,0,18,0%,5.61
compress image to 13 kb,0,18,0%,6.28
resize image 14kb,0,18,0%,6.44
photo resizer 14kb,0,16,0%,6
compress jpeg 12 kb,0,16,0%,6.75
resize image to 12kb jpg,0,16,0%,7.38
compress pdf 140 kb,0,16,0%,8.19
33 kb,0,16,0%,9.31
remove shadows from pdf online free,0,16,0%,9.38
jpg to pdf 100 kb,0,16,0%,59.94
whatsapp dp crop,0,16,0%,60.25
whatsapp dp converter,0,16,0%,61.88
make passport size photo online free,0,16,0%,81.31
pdf joiner online,0,16,0%,84.81
compress pdf 10kb,0,15,0%,6.2
12kb photo size jpg,0,15,0%,8
photo convert into 250 kb pdf,0,15,0%,63.87
whatsapp dp size converter,0,15,0%,76.8
merge files,0,15,0%,89.87
28kb photo size,0,14,0%,6.79
remove shadow from document photo,0,14,0%,8.43
pdf size 140 kb,0,14,0%,9.5
whatsapp dp maker,0,14,0%,50.29
resize image to 200kb,0,14,0%,60.21
resize image 100kb,0,14,0%,75.57
50 kb photo size,0,14,0%,85.29
12kb converter,0,13,0%,5.69
12 kb photo size converter,0,13,0%,6.77
compress image 12 kb,0,13,0%,8.46
whatsapp crop,0,13,0%,55.92
image to pdf 100 kb,0,13,0%,64.31
image to pdf 200kb,0,13,0%,69.23
photo to jpg converter,0,13,0%,95.15
11 kb photo size in pixels,0,12,0%,6.42
photo 12 kb,0,12,0%,7.17
resize image to 12 kb,0,12,0%,7.92
jpg compress 28 kb,0,12,0%,9.33
compress pdf 10 kb,0,12,0%,16.67
jpg to pdf converter 100 kb,0,12,0%,55.33
jpg to pdf converter 200kb,0,12,0%,58.75
resize image to 50kb passport size,0,12,0%,62.42
photo to 10 kb,0,12,0%,68.33
online photo resizer in 50 kb,0,12,0%,70.5
convert image into jpg,0,12,0%,89.58
pic to jpg,0,12,0%,93.67
photo resizer 12 kb,0,11,0%,6.73
image resizer 14 kb,0,11,0%,6.91
jpeg to jpg 14 kb,0,11,0%,7.45
convert image to 12 kb,0,11,0%,7.55
sign 20kb convert,0,11,0%,8.91
compress pdf to 120kb,0,11,0%,9.27
compress pdf 15 kb,0,11,0%,9.55
reduce pdf size 140 kb,0,11,0%,10.09
ssc form rejected,0,11,0%,19.55
whatsapp dp resize,0,11,0%,65.55
whatsapp dp size,0,11,0%,69.09
photo resize in 50 kb,0,11,0%,73.55
resize image in 100 kb,0,11,0%,74.27
file merger,0,11,0%,91.18
11 kb h,0,10,0%,2
compress image to 28 kb,0,10,0%,9.2
merge pdf online,0,10,0%,90.2
convert image to jpg free,0,10,0%,91
image convert to jpg,0,10,0%,91.9
convert pic to jpg,0,10,0%,93.1
photo jpg converter,0,10,0%,94
passport size photo,0,10,0%,98.2
scanner image black and white,0,9,0%,5.44
"upload a high-resolutions picture of your paper, physical, or digital 
prototype. (max size: 1 mb) *",0,9,0%,5.56
140 kb photo size pdf,0,9,0%,6.11
compress jpeg to 13kb,0,9,0%,8
jpeg compressor to 12kb,0,9,0%,8.44
13 kb jpg converter,0,9,0%,8.67
pdf to 140 kb,0,9,0%,9.89
resize image to 50kb online,0,9,0%,63.44
online resize image in 50 kb,0,9,0%,68.78
resize photo to 50kb,0,9,0%,69.11
compress image to 50kb,0,9,0%,79.33
50kb photo size,0,9,0%,85.67
photo into jpg,0,9,0%,92.44
photo convert to jpg,0,9,0%,94.33
compress to 13kb,0,8,0%,6.5
white scan,0,8,0%,6.62
pdf in 140 kb,0,8,0%,9.62
pdf size reducer 10 kb online free,0,8,0%,13.75
resize image 10 kb,0,8,0%,18.88
image size 10kb,0,8,0%,69.12
200 kb photo size,0,8,0%,69.25
small size pdf merger,0,8,0%,69.5
10 kb photo size in pixels,0,8,0%,76.62
stamp size photo maker,0,8,0%,79.38
jpg to pdf a4 size,0,8,0%,82.25
merge documents,0,8,0%,84.75
passport size photo size,0,8,0%,84.75
online image converter to jpg,0,8,0%,85.38
merge files online,0,8,0%,85.88
13rs kb h,0,7,0%,1
photo kb,0,7,0%,3
what is the easiest way to reduce pdf size without losing clarity?,0,7,0%,5.29
convert into 12 kb,0,7,0%,6.29
compress image to 11 kb,0,7,0%,7.57
image resizer 12 kb,0,7,0%,7.86
compress photo to 12 kb,0,7,0%,8
photo compressor 12kb,0,7,0%,8.14
pdf 140,0,7,0%,8.29
compress image to 28kb,0,7,0%,8.43
reduce pdf size to 140 kb,0,7,0%,9.57
compress pdf 15kb,0,7,0%,10.43
no crop whatsapp dp,0,7,0%,20.57
resize image to 20kb online for free,0,7,0%,44
resize image to 50kb free online,0,7,0%,64.43
50 kb signature size,0,7,0%,74
jpg resize to 100 kb,0,7,0%,77.86
change image to jpg,0,7,0%,78.57
combine files,0,7,0%,83
photo 12kb convert,0,6,0%,4.33
50 kb pdf maker,0,6,0%,4.67
image to 12 kb,0,6,0%,6
resize image to 28kb,0,6,0%,6.17
compress image to 12kb jpg,0,6,0%,6.33
28 kb signature size,0,6,0%,7
photo 14kb convert,0,6,0%,7.17
compress pdf 140kb,0,6,0%,8.83
kompres pdf 10kb,0,6,0%,8.83
white scanner,0,6,0%,8.83
kompres pdf 10 kb,0,6,0%,10
pdf to 15kb,0,6,0%,10.17
150kb jpg,0,6,0%,16.17
image compressor to 150kb,0,6,0%,27.33
resize image 20kb,0,6,0%,59.33
image to pdf 300 kb,0,6,0%,60
jpg to pdf 200 kb,0,6,0%,61.17
jpg to pdf 400kb,0,6,0%,63.17
image to pdf 100kb,0,6,0%,63.5
resize image for snapchat,0,6,0%,67.83
stamp size photo size in cm,0,6,0%,68
write name on photo,0,6,0%,71.17
50kb passport size photo,0,6,0%,72.83
pass size photo maker,0,6,0%,79.5
resize image into 50 kb,0,6,0%,79.5
convert to jpg to pdf,0,6,0%,82.33
indian stamp size photo,0,6,0%,82.5
merge and compress pdf,0,6,0%,84.5
convert photo to jpg free,0,6,0%,87.17
photo converter to jpg,0,6,0%,95.17
image 12 kb,0,5,0%,5.6
compress jpg 12 kb,0,5,0%,5.8
compress jpg to 14 kb,0,5,0%,6
140 kb pdf compressor,0,5,0%,6.2
compress jpeg to 12 kb,0,5,0%,6.2
scan white,0,5,0%,6.4
reduce pdf size in kb,0,5,0%,6.6
photo size reducer 14 kb,0,5,0%,7
scanner black and white images,0,5,0%,7
compress 140 kb pdf,0,5,0%,7.2
image compressor to 28kb,0,5,0%,7.2
pdf shadow remover online,0,5,0%,8.2
signature ko 30kb kaise kare,0,5,0%,8.2
resize image 28 kb,0,5,0%,8.4
docscanner online,0,5,0%,9.2
remove shadow from pdf,0,5,0%,9.2
100 kb jpg,0,5,0%,10
convert pdf to 15kb,0,5,0%,10
pdf compress 140 kb,0,5,0%,10
pdf 140 kb resize,0,5,0%,10.2
pdf to pdf 140 kb,0,5,0%,10.4
pdf compressor to 10 kb,0,5,0%,12
compress pdf to 15 kb,0,5,0%,23
jpg 150 kb converter,0,5,0%,33.2
photo 20kb convert,0,5,0%,52
resize image to 20kb to 100kb,0,5,0%,54.2
200kb photo size,0,5,0%,55.4
10 kb,0,5,0%,56
jpg to pdf 500kb,0,5,0%,56.6
signature convert into 20 kb jpg,0,5,0%,57.2
stamp size photo size,0,5,0%,61.6
image to pdf 200 kb,0,5,0%,63.2
photo to pdf 500kb,0,5,0%,64.4
resize photo in 50 kb,0,5,0%,66.4
resize image 200kb,0,5,0%,67.2
whatsapp dp editor,0,5,0%,69.6
stamp size photo cm,0,5,0%,73
us visa photo maker,0,5,0%,75.6
name and date on photo,0,5,0%,76
jpg resize 50kb,0,5,0%,78
change an image to jpg,0,5,0%,79.8
image to pdf converter 200 kb,0,5,0%,80.6
online passport size photo maker,0,5,0%,80.6
convert into jpg,0,5,0%,87.2
online merge pdf,0,5,0%,88.6
image to jpg file converter,0,5,0%,89.6
image converter to jpg,0,5,0%,91.8
change image format to jpg,0,5,0%,94.4
jpg to pdf 150 kb,0,4,0%,5
resize image to 20kb pdf online free,0,4,0%,5.5
37 kb photo size,0,4,0%,6
compress pdf under 140kb,0,4,0%,6
photo resizer passport size online free,0,4,0%,6.5
compress to 14kb,0,4,0%,6.75
28 kb,0,4,0%,7
jpg size reducer 12 kb,0,4,0%,7.25
compress jpeg below 12 kb,0,4,0%,7.5
compress image 11,0,4,0%,7.75
14 kb hai,0,4,0%,8.25
photo size 28 kb,0,4,0%,8.25
15kb pdf,0,4,0%,8.5
pdf shadow remover online free,0,4,0%,8.5
less than 10 kb pdf,0,4,0%,8.75
resize pdf 200 kb,0,4,0%,8.75
24kb,0,4,0%,9
compress pdf to 140kb online free,0,4,0%,9
remove shadow from pdf online,0,4,0%,9
resize image in 12 kb,0,4,0%,9
2.5 mb converter,0,4,0%,9.25
compress pdf to 10kb free,0,4,0%,9.25
jpg 28 kb,0,4,0%,9.25
jpg size reducer 14 kb,0,4,0%,9.25
pdf compress to 140 kb,0,4,0%,9.75
pdf under 140 kb,0,4,0%,9.75
33kb photo size,0,4,0%,10
reduce pdf size to 15kb,0,4,0%,10
resize image to 110kb,0,4,0%,10
pdf compressor 10kb,0,4,0%,12.25
whatsapp image size,0,4,0%,20.5
jpg convert 150kb,0,4,0%,21.5
compress jpeg to 150kb,0,4,0%,27.5
10 kb converter,0,4,0%,31
whatsapp dp full size,0,4,0%,42.75
photo 150 kb converter,0,4,0%,48.25
20kb signature,0,4,0%,49.5
20 kb image resizer,0,4,0%,50.75
compress image to 10kb,0,4,0%,53.75
10 kb to 20 kb photo size,0,4,0%,56.75
10kb,0,4,0%,57
resize 10 kb,0,4,0%,59.25
signature compressor to 20kb,0,4,0%,64.25
postcard size photo,0,4,0%,66.25
10 kb photo,0,4,0%,67.75
convert jpg to pdf 400kb,0,4,0%,68.5
image 10 kb,0,4,0%,69
200 kb photo,0,4,0%,71
photo 20 kb,0,4,0%,71.25
snapchat size,0,4,0%,71.25
resize whatsapp dp,0,4,0%,72.25
screenshot to jpg,0,4,0%,72.25
passport size photo 100kb,0,4,0%,72.75
photo convert into 10 kb,0,4,0%,74.25
whatsapp dp size maker,0,4,0%,75
photo compressor to 50kb,0,4,0%,75.75
online jpg converter,0,4,0%,76.25
convert to jpg,0,4,0%,78.25
merge pdf online free no size limit,0,4,0%,79.5
combine 100 pdf files,0,4,0%,80
how to add date in photo,0,4,0%,80.25
passport size photo create online,0,4,0%,80.25
100 kb to 50 kb,0,4,0%,80.75
stamp size photo maker online,0,4,0%,81
photo date editor,0,4,0%,82.25
photo resizer 100kb,0,4,0%,82.25
online stamp size photo maker,0,4,0%,82.75
add date to photo online free,0,4,0%,83.5
online combine pdf,0,4,0%,87.25
pdf file merge online,0,4,0%,89.5
signature size should be maximum 100kb,0,4,0%,89.75
convert photo into jpg,0,4,0%,90.75
image to jpg free,0,4,0%,92.75
merge pdfs online,0,4,0%,93
image into jpg,0,4,0%,94.25
free passport size photo maker,0,4,0%,95.75
photo convert into jpg,0,4,0%,96
images to jpg converter,0,4,0%,96.5
image to jpg converter free,0,4,0%,102.75
create passport size photo online free,0,4,0%,109.75
200 kb photo size = how much mb,0,3,0%,2
reduce image size to 12kb,0,3,0%,5.67
size snap,0,3,0%,6
compress jpeg to 28kb,0,3,0%,6.67
convert pdf to 140 kb,0,3,0%,6.67
14.jpg,0,3,0%,7
convert image to jpg 14 kb,0,3,0%,7
12 kb h,0,3,0%,7.33
photo size kb,0,3,0%,7.33
photo compressor to 28kb,0,3,0%,7.67
resize image 12 kb,0,3,0%,7.67
37 kb,0,3,0%,8
image to 14 kb,0,3,0%,8
pdf compressor to 15kb online free,0,3,0%,8
pdf under 10kb,0,3,0%,8
11 kb jpg converter,0,3,0%,8.33
image compress to 15kb,0,3,0%,8.67
scan both marksheet and certificate in a single file and upload,0,3,0%,9.33
20kb sign,0,3,0%,9.67
add name and signature to photo,0,3,0%,9.67
110 kb jpg,0,3,0%,10
pdf convert 140 kb,0,3,0%,10.33
pdf to 10kb,0,3,0%,10.33
reduce pdf size to 140kb,0,3,0%,10.67
10 kb pdf converter,0,3,0%,14.33
scanner filter,0,3,0%,14.33
45kb photo size,0,3,0%,15
convert pdf to 10kb,0,3,0%,15
convert pdf to 120 kb,0,3,0%,17.33
image compressor free,0,3,0%,17.33
webrtc use cases,0,3,0%,22.67
150 kb converter,0,3,0%,24.33
pdf compress 10 kb,0,3,0%,24.67
cms to jpg,0,3,0%,33
dp size for whatsapp,0,3,0%,42.67
resize jpg to pdf,0,3,0%,49
convert photo 20kb,0,3,0%,50.67
resize image to 10kb,0,3,0%,50.67
resize image to 10kb to 20kb,0,3,0%,51.67
jpg to pdf 10 kb,0,3,0%,52
24 pdf compressor,0,3,0%,54.67
resize 20kb,0,3,0%,55
image resizer 20kb,0,3,0%,55.67
photo resizer 20kb,0,3,0%,57.67
scan black and white,0,3,0%,58
word to pdf 200kb,0,3,0%,58.33
convert jpg to pdf under 500kb,0,3,0%,60
whatsapp dp adjust,0,3,0%,60
whatsapp dp without crop,0,3,0%,60
image resizer in 150 kb,0,3,0%,60.67
no crop for whatsapp dp,0,3,0%,60.67
resize image 10kb,0,3,0%,60.67
image resize in 50 kb,0,3,0%,61
stamp size photograph,0,3,0%,61.33
image to pdf converter 100 kb,0,3,0%,61.67
jpg to 200kb pdf,0,3,0%,61.67
dp maker for whatsapp,0,3,0%,62
image to pdf converter 200kb,0,3,0%,62.67
jpg to pdf 500 kb,0,3,0%,63.67
image to pdf less than 100kb,0,3,0%,65
photo resizer 200kb,0,3,0%,65
5 to 20 kb photo size,0,3,0%,65.33
compress image to 50kb online,0,3,0%,65.33
convert signature to jpg 20kb,0,3,0%,65.33
stamp size photo dimensions,0,3,0%,65.67
20 kb image width and height,0,3,0%,66
image resize to 20kb,0,3,0%,66.67
photo editor 50kb,0,3,0%,66.67
20 kb photo size converter,0,3,0%,67
india stamp size photo,0,3,0%,67.67
photo to pdf 200kb,0,3,0%,67.67
resize image for whatsapp dp without cropping,0,3,0%,67.67
image resizer to 50kb,0,3,0%,68
resize 50 kb,0,3,0%,68.33
10kb image,0,3,0%,68.67
convert photo into 10 kb,0,3,0%,68.67
photo editor 100kb,0,3,0%,68.67
whatsapp image to jpg,0,3,0%,68.67
image size to 10 kb,0,3,0%,69.33
photo resizer pdf,0,3,0%,69.33
photo size 150 kb,0,3,0%,69.33
jpg to pdf 200 kb converter,0,3,0%,69.67
photo in 10 kb,0,3,0%,69.67
10 kb signature size in pixels,0,3,0%,70.33
passport size photo 50 kb,0,3,0%,70.33
100 kb resize,0,3,0%,70.67
how to make a photo 100kb,0,3,0%,70.67
reduce image size 10 kb,0,3,0%,71.33
100 kb photo,0,3,0%,72
reduce photo size to 100kb,0,3,0%,72
resize image to 100kb download,0,3,0%,72
resize under 100kb,0,3,0%,72.33
whatsapp dp maker online,0,3,0%,72.33
photo size 10 kb,0,3,0%,72.67
image size 10 kb,0,3,0%,73.33
date and name,0,3,0%,73.67
photo 20kb,0,3,0%,73.67
photo add name and date,0,3,0%,73.67
jpg 50 kb,0,3,0%,74
resize photo to 100kb,0,3,0%,74
20kb photo size,0,3,0%,74.33
name date on photo,0,3,0%,74.33
resize photo 50kb,0,3,0%,74.33
photo in 50 kb,0,3,0%,75
whatsapp dp size ratio online,0,3,0%,75.33
passport photo size maker,0,3,0%,75.67
photo to pdf size,0,3,0%,75.67
resize image upto 50 kb,0,3,0%,75.67
us visa photo size online free,0,3,0%,75.67
image resize to 50kb,0,3,0%,76.67
100 kb picture,0,3,0%,77.67
50 kb photo,0,3,0%,77.67
photo convert to whatsapp dp,0,3,0%,77.67
resize photo for whatsapp dp,0,3,0%,77.67
image to pdf converter compressor,0,3,0%,78.33
passport size photo crop online,0,3,0%,78.33
photo 100kb size,0,3,0%,78.33
photo name and date,0,3,0%,78.67
stamp size photo size in inch,0,3,0%,78.67
photo size in 50 kb,0,3,0%,79
image size 100 kb,0,3,0%,79.67
reduce size of image to 100kb,0,3,0%,79.67
50 kb photo resize,0,3,0%,80.33
jpg to pdf with size,0,3,0%,80.33
jpg resize 100 kb,0,3,0%,80.67
signature jpg converter,0,3,0%,81
stamp size photo size india,0,3,0%,81
image resize in 100 kb,0,3,0%,81.33
image resizer to pdf,0,3,0%,81.33
image compressor to 50kb,0,3,0%,81.67
image convert into jpg format,0,3,0%,82
image size to 50kb,0,3,0%,82.33
photo name and date editor,0,3,0%,82.33
us visa photo tool,0,3,0%,83.33
convert picture to jpg online,0,3,0%,84.67
pdf combiner online,0,3,0%,84.67
convert 50 kb,0,3,0%,85.33
online photo converter to jpg,0,3,0%,85.33
image to a4 pdf,0,3,0%,86.67
ticket size photo,0,3,0%,86.67
online image to jpg converter,0,3,0%,87
online pdf joiner,0,3,0%,87.67
passport image size,0,3,0%,88
image jpg converter,0,3,0%,88.67
add date on photo,0,3,0%,89
compress and convert to jpg,0,3,0%,89
photo to jpg free,0,3,0%,92.33
photos to jpg,0,3,0%,92.67
normal photo to jpg,0,3,0%,95
photo to convert jpg,0,3,0%,95
passport size image converter,0,3,0%,95.33
image resizer 100kb,0,3,0%,96.33
resize image for passport photo,0,3,0%,96.33
img to jpg,0,3,0%,97.33
resize image to 100 kb,0,3,0%,105.33
passport size photo maker online free,0,3,0%,138.67
13 kb h,0,2,0%,1
whatsapp profile photo square help center,0,2,0%,2
28kb,0,2,0%,3
all card resizer,0,2,0%,3
convert pdf to jpg free online,0,2,0%,3.5
10kb pdf,0,2,0%,5
pdf less than 10kb,0,2,0%,5
photo 28 kb,0,2,0%,5
image to 200kb,0,2,0%,5.5
20 kb sign,0,2,0%,6
28 kb jpg converter,0,2,0%,6
compress pdf to 140 kb online free,0,2,0%,6
pdf under 10 kb,0,2,0%,6
10kb pdf converter,0,2,0%,7
pdf merge small,0,2,0%,7
resize pdf 140 kb,0,2,0%,7
image resizer 50kb pdf,0,2,0%,7.5
pdf 10 kb,0,2,0%,7.5
photo compressor 28 kb,0,2,0%,7.5
photo size 12 kb,0,2,0%,7.5
reduce pdf size 10 kb,0,2,0%,7.5
10 kb pdf compressor,0,2,0%,8
compress pdf 10kb free,0,2,0%,8
pdf resizer online,0,2,0%,8
pdf to 120kb,0,2,0%,8
resize pdf file to 140 kb online,0,2,0%,8
10kb pdf file download,0,2,0%,8.5
14 kb image converter,0,2,0%,8.5
11 kb ha,0,2,0%,9
compress to 10kb pdf,0,2,0%,9
image compressor to 11kb,0,2,0%,9
jpg resize in kb,0,2,0%,9
kompres 10kb pdf,0,2,0%,9
pdf 15 kb,0,2,0%,9
pdf compress 120kb,0,2,0%,9
pdf converter 140 kb,0,2,0%,9
pdf shadow remover,0,2,0%,9
pdf size 150kb,0,2,0%,9
photo resizer 28 kb,0,2,0%,9
resize 140 kb pdf,0,2,0%,9
resize image to 28 kb,0,2,0%,9
upload all study certificates in a single pdf,0,2,0%,9
compress pdf in 140 kb,0,2,0%,9.5
kb 13,0,2,0%,9.5
pdf file size reducer 140 kb,0,2,0%,9.5
pdf under 140kb,0,2,0%,9.5
50 to 150 kb photo size jpg pdf,0,2,0%,10
convert image in 10 kb,0,2,0%,10
convert pdf 140 kb,0,2,0%,10
pdf to 10 kb,0,2,0%,10
photo ko 150 kb kaise banaye,0,2,0%,10
photo resizer 50 kb,0,2,0%,10
resize photo 10 kb,0,2,0%,10
compress image to 110kb,0,2,0%,10.5
merge pdf small,0,2,0%,10.5
110 kb photo size,0,2,0%,11
resize pdf to 10 kb,0,2,0%,12.5
15 kb pdf compressor,0,2,0%,13.5
compress to 10 kb pdf,0,2,0%,13.5
pdf compressor 15kb,0,2,0%,16
remove shadow from document,0,2,0%,16
10 kb pdf file download free,0,2,0%,19.5
snapchat to jpg,0,2,0%,22
compress photo 150kb,0,2,0%,22.5
pdf 10 kb converter,0,2,0%,22.5
pdf in 10 kb,0,2,0%,23.5
invalid image format ssc cgl,0,2,0%,24
150kb jpg converter,0,2,0%,26
jpeg 150 kb,0,2,0%,26
resize image to 90kb,0,2,0%,26
convert pdf to jpg 10 kb,0,2,0%,27
image resizer in 10 kb,0,2,0%,27
black scan,0,2,0%,27.5
150kb image converter,0,2,0%,28
image resizer 10kb,0,2,0%,28
pdf compressor to 15kb,0,2,0%,29.5
jpg to pdf 140 kb,0,2,0%,30
signature resize 20kb,0,2,0%,33.5
5 mb image download,0,2,0%,35
pdf merge and resize,0,2,0%,35
scan size photo,0,2,0%,39
resize 20 kb,0,2,0%,44
resize image to 20kb jpg online,0,2,0%,44
jpg compress 150kb,0,2,0%,45
image to jpg converter 150 kb,0,2,0%,46
convert 150 kb,0,2,0%,47.5
150 kb photo size jpg,0,2,0%,48
jpg compress to 150kb,0,2,0%,49
image 150 kb converter,0,2,0%,49.5
photo 10kb to 20kb,0,2,0%,50.5
resize image between 10 to 20 kb,0,2,0%,50.5
resize photo to 20kb,0,2,0%,51
image resize 10 to 20 kb,0,2,0%,51.5
20 kb resize,0,2,0%,52
image resizer under 20 kb,0,2,0%,52
signature 10kb to 20kb,0,2,0%,52
photo resize to 20kb,0,2,0%,52.5
photo resizer 10 to 20 kb,0,2,0%,52.5
resize image 150kb,0,2,0%,52.5
20 kb photo,0,2,0%,53.5
convert jpg to pdf under 300kb,0,2,0%,53.5
jpg to pdf under 300kb,0,2,0%,54
make image 20 kb,0,2,0%,54
20kb image resize,0,2,0%,54.5
image size 20 kb,0,2,0%,54.5
jpg to pdf 50kb to 100kb,0,2,0%,54.5
convert jpg to pdf 300 kb,0,2,0%,55
jpg to pdf in 300 kb,0,2,0%,55
resize image to whatsapp dp size,0,2,0%,55
compress jpg to pdf 100kb,0,2,0%,55.5
convert to jpg to pdf 200kb,0,2,0%,55.5
image size to 20 kb,0,2,0%,55.5
photo 10 to 20 kb,0,2,0%,55.5
jpg to pdf below 300kb,0,2,0%,56
photo resizer 20,0,2,0%,56
reduce photo size to 20kb,0,2,0%,56
resize image jpg to pdf,0,2,0%,56
20 kb signature size in pixels,0,2,0%,56.5
jpg to pdf less than 300kb,0,2,0%,56.5
reduce image size to 20kb,0,2,0%,56.5
increase image size to 10 kb,0,2,0%,57.5
jpg to pdf converter under 200kb,0,2,0%,58
peer to peer transfer,0,2,0%,58
20 kb pic size,0,2,0%,58.5
resize image to 5mb,0,2,0%,58.5
pdf into 10 kb,0,2,0%,59
resize image to 100kb to 200kb,0,2,0%,59
stamp photo size,0,2,0%,59
jpg to pdf 200kb size,0,2,0%,59.5
make my photo passport size,0,2,0%,59.5
150kb,0,2,0%,60
convert jpg to pdf 200kb online,0,2,0%,60
image compressor to 10 kb,0,2,0%,60
photo convert into 50 kb pdf,0,2,0%,60
30 kb signature size,0,2,0%,60.5
add date to photo online for ssc,0,2,0%,60.5
compress image to 10 kb,0,2,0%,60.5
convert image to pdf under 300 kb,0,2,0%,60.5
merge jpg to pdf 100kb,0,2,0%,60.5
no crop for whatsapp,0,2,0%,60.5
resize to 200kb,0,2,0%,60.5
size of stamp size photo,0,2,0%,60.5
compress jpg to pdf 200kb,0,2,0%,61
image into pdf 300 kb,0,2,0%,61
jpg 10 kb converter,0,2,0%,61
photo to pdf 300 kb,0,2,0%,61
10kb to 20kb signature size in cm,0,2,0%,61.5
jpg resize 10 kb,0,2,0%,62
webrtc based applications,0,2,0%,62
whatsapp profile photo maker,0,2,0%,62
image compress to 10kb,0,2,0%,62.5
photo convert to 150kb,0,2,0%,62.5
image to pdf under 300kb,0,2,0%,63
passport photo ka size,0,2,0%,63
resize 200kb,0,2,0%,63
resize image in 10 kb,0,2,0%,63
scan image to jpg,0,2,0%,63
testbook photo resize,0,2,0%,63
100 mb size image converter pdf,0,2,0%,63.5
jpg to pdf in 200kb,0,2,0%,63.5
resize to 10 kb,0,2,0%,63.5
compress to 150kb,0,2,0%,64
convert image to 10 kb,0,2,0%,64
convert jpg to pdf in 200kb,0,2,0%,64
photo resize below 100kb,0,2,0%,64
stamp size photo in cm,0,2,0%,64
compress 10 kb,0,2,0%,64.5
compress image into 150kb,0,2,0%,64.5
jpg to pdf converter 250kb,0,2,0%,64.5
whatsapp dp creator,0,2,0%,64.5
10kb photo size,0,2,0%,65
convert image into 10 kb,0,2,0%,65
photo compressor 10 kb,0,2,0%,65
photo to pdf converter 200 kb,0,2,0%,65
compress jpeg 150kb,0,2,0%,66
compress jpg file to 10kb,0,2,0%,66
convert image to pdf 200kb,0,2,0%,66
image resize in pdf,0,2,0%,66
make whatsapp dp,0,2,0%,66
photo resize 35 kb,0,2,0%,66
pic 100 kb,0,2,0%,66
resize image 50kb,0,2,0%,66
file converter to jpg,0,2,0%,66.5
image to pdf size 200kb,0,2,0%,66.5
resize jpg 150 kb,0,2,0%,66.5
turn screenshot to jpg,0,2,0%,66.5
us visa tool,0,2,0%,66.5
how to crop image for whatsapp dp,0,2,0%,67
how to crop photo for whatsapp dp,0,2,0%,67
image size converter to jpg,0,2,0%,67
image to 200kb pdf,0,2,0%,67
image to pdf kb,0,2,0%,67
image to pdf less than 2mb,0,2,0%,67
jpg 10 kb,0,2,0%,67
jpg to pdf 250kb,0,2,0%,67
resize image to 150kb,0,2,0%,67
whatsapp profile picture size online,0,2,0%,67
compress photo to 150 kb,0,2,0%,67.5
image resize 50 kb,0,2,0%,67.5
increase image size to 10kb,0,2,0%,67.5
jpg size increase to 50 kb,0,2,0%,67.5
photo resize 3.5x4.5cm,0,2,0%,67.5
pic resize 50 kb,0,2,0%,67.5
reduce image size to 150 kb,0,2,0%,67.5
signature resize 10 to 20 kb,0,2,0%,67.5
compress jpeg to 10kb,0,2,0%,68
online photo compressor to 50kb,0,2,0%,68
reduce image size to 10 kb,0,2,0%,68
resize to 50 kb,0,2,0%,68
whatsapp dp size online,0,2,0%,68
add name date on photo,0,2,0%,68.5
compress image to 200kb pdf,0,2,0%,68.5
image 50kb to 100kb,0,2,0%,68.5
multiple passport size photo maker,0,2,0%,68.5
online photo resize 50 kb,0,2,0%,68.5
photo resize to 50 kb,0,2,0%,68.5
resize 100 kb,0,2,0%,68.5
size 20 kb,0,2,0%,68.5
image to 150 kb,0,2,0%,69
passport size,0,2,0%,69
whatsapp dp size ratio converter,0,2,0%,69
whatsapp full dp maker,0,2,0%,69
200 dpi converter pdf,0,2,0%,69.5
add date in passport size photo,0,2,0%,69.5
compress to 150 kb,0,2,0%,69.5
image resizer in 50 kb,0,2,0%,69.5
image to jpg converter online free,0,2,0%,69.5
image to pdf in kb,0,2,0%,69.5
signature resize 100 kb,0,2,0%,69.5
uncrop whatsapp dp,0,2,0%,69.5
whatsapp dp size converter hd quality,0,2,0%,69.5
10kb photo size in pixels,0,2,0%,70
50 kb signature,0,2,0%,70
free image converter 50kb,0,2,0%,70
jpg size increase 200kb,0,2,0%,70
whatsapp crop dp,0,2,0%,70
100 kb image resizer,0,2,0%,70.5
50 kb resize,0,2,0%,70.5
50 to 150 kb photo size jpg,0,2,0%,70.5
change photo format,0,2,0%,70.5
convert photo to visa size free,0,2,0%,70.5
image size 150 kb,0,2,0%,70.5
image under 50kb,0,2,0%,70.5
photo size to 100 kb,0,2,0%,70.5
resize image to 100kb jpg,0,2,0%,70.5
100 jpg to pdf,0,2,0%,71
3.5 cm x 4.5 cm passport photo,0,2,0%,71
convert 10 kb photo,0,2,0%,71
convert image into whatsapp dp size,0,2,0%,71
photo in 50kb,0,2,0%,71
photo resizer in 10 kb,0,2,0%,71
resize photo 100kb,0,2,0%,71
photo size reduce 10 kb,0,2,0%,71.5
resize in 100 kb,0,2,0%,71.5
whatsapp dp image size,0,2,0%,71.5
make image 150kb,0,2,0%,72
photo size 10kb,0,2,0%,72
resize 50 kb jpg,0,2,0%,72
stamp size photo size in mm,0,2,0%,72
convert photo to whatsapp dp size,0,2,0%,72.5
jpg to pdf size reducer,0,2,0%,72.5
passport size edit,0,2,0%,72.5
resize photo in 50kb,0,2,0%,72.5
resize thumb impression online,0,2,0%,72.5
resize to 100kb,0,2,0%,72.5
whatsapp dp compressor,0,2,0%,72.5
convert to whatsapp dp size,0,2,0%,73
increase image size to 150 kb,0,2,0%,73
photo size 100 kb,0,2,0%,73
reduce image size below 10 kb,0,2,0%,73
square photo for whatsapp,0,2,0%,73
stamp size photo in inches,0,2,0%,73
compress image in passport size,0,2,0%,73.5
image to dp,0,2,0%,73.5
pdf attacher,0,2,0%,73.5
250 kb photo size pdf,0,2,0%,74
convert photo to whatsapp dp,0,2,0%,74
date and name on photo online,0,2,0%,74
increase image size to 20kb,0,2,0%,74
passport size photo maker free,0,2,0%,74
size of stamp size photo in cm,0,2,0%,74
stamp size photo in inch,0,2,0%,74
10kb image converter,0,2,0%,74.5
resize below 100kb,0,2,0%,74.5
100 kb image,0,2,0%,75
increase image size to 50kb,0,2,0%,75
pdf merge 100kb,0,2,0%,75
resize jpg 100 kb,0,2,0%,75
250 pixel width and height 50 kb,0,2,0%,75.5
compress jpeg 10kb,0,2,0%,75.5
image resize under 50kb,0,2,0%,75.5
2x2 passport photo online free,0,2,0%,76
jpg to pdf compressor,0,2,0%,76
photo 100 kb,0,2,0%,76
convert photo size to 50kb,0,2,0%,76.5
crop image for whatsapp dp,0,2,0%,76.5
jpg pdf compressor,0,2,0%,76.5
resize image to 20kb and dimensions,0,2,0%,76.5
whatsapp dp image converter,0,2,0%,76.5
write name and date on photo,0,2,0%,76.5
convert image to jpg 50 kb,0,2,0%,77
crop photo for whatsapp dp,0,2,0%,77
date and name on photo,0,2,0%,77
jpg converter online,0,2,0%,77
photo date add,0,2,0%,77
photo resize in 100 kb,0,2,0%,77
save jpg as pdf,0,2,0%,77
image to pdf with size,0,2,0%,77.5
indian stamp size photo size,0,2,0%,77.5
make picture passport size,0,2,0%,77.5
photo 10 kb,0,2,0%,77.5
photo 100 kb resize,0,2,0%,77.5
image resizer 100 kb,0,2,0%,78
image size reducer 50kb,0,2,0%,78
image to jpg 50 kb,0,2,0%,78
jpg to whatsapp dp,0,2,0%,78
make photo fit whatsapp profile,0,2,0%,78
online convert to jpg,0,2,0%,78
photo cropper for us visa,0,2,0%,78
resize image to whatsapp dp,0,2,0%,78
compress photo to passport size,0,2,0%,78.5
image resize to 100kb,0,2,0%,78.5
make photo 100kb,0,2,0%,78.5
convert jpg to pdf below 2mb,0,2,0%,79
convert the photo into 50 kb,0,2,0%,79
document resize online,0,2,0%,79
edit date in image online,0,2,0%,79
pic resize 100 kb,0,2,0%,79
reduce image in pdf,0,2,0%,79
50 kb jpg converter,0,2,0%,79.5
create passport size photo free,0,2,0%,79.5
image resize under 100kb,0,2,0%,79.5
ticket size photo size,0,2,0%,79.5
combine files into one,0,2,0%,80
compress images to pdf,0,2,0%,80
image format jpg,0,2,0%,80
increase image to 50kb,0,2,0%,80
less than 50kb,0,2,0%,80
online image to jpg,0,2,0%,80
passport size photo convert to stamp size,0,2,0%,80
photo size in 100 kb,0,2,0%,80
picture in jpg format,0,2,0%,80
50mb image,0,2,0%,80.5
add date in photo,0,2,0%,80.5
add name and date to photo,0,2,0%,80.5
convert photo for whatsapp dp,0,2,0%,80.5
image size increase to 50kb,0,2,0%,80.5
image to whatsapp dp,0,2,0%,80.5
resize image jpeg to jpg,0,2,0%,80.5
size 100 kb,0,2,0%,80.5
change image to a4 size,0,2,0%,81
pic size increase to 100 kb,0,2,0%,81
resize photo in 100 kb,0,2,0%,81
50 kb image compressor,0,2,0%,81.5
increase photo size to 100kb,0,2,0%,81.5
photo 100,0,2,0%,81.5
whatsapp dp size photo converter,0,2,0%,81.5
photo resize under 100 kb,0,2,0%,82
photo size should be maximum 100kb,0,2,0%,82
psd merger,0,2,0%,82
100k photo,0,2,0%,82.5
photo edit with date,0,2,0%,82.5
how to convert image into jpg,0,2,0%,83
jpg compress 50 kb,0,2,0%,83
us passport photo free online,0,2,0%,83
convert image to less than 50 kb,0,2,0%,83.5
how to convert pic to jpg,0,2,0%,83.5
pdf size merger,0,2,0%,83.5
crop image to passport size,0,2,0%,84
image convert into passport size,0,2,0%,84
quicktoolshub.online,0,2,0%,84
add name,0,2,0%,84.5
convert cms file to jpg,0,2,0%,84.5
convert jpg to pdf online,0,2,0%,84.5
image to jpg converter online,0,2,0%,84.5
make 100 kb photo,0,2,0%,84.5
photo with name and date,0,2,0%,84.5
2 2 photo converter,0,2,0%,85
postcard size photo maker,0,2,0%,85
how to compress passport size photo,0,2,0%,85.5
photo size reducer pdf,0,2,0%,85.5
convert in to jpg,0,2,0%,86
image compressor to pdf,0,2,0%,86
image to passport size converter free,0,2,0%,86
change picture to passport size free,0,2,0%,86.5
jpg to a4 size pdf,0,2,0%,86.5
add name to photo,0,2,0%,87.5
merge 2 files,0,2,0%,87.5
online stamp size photo maker free,0,2,0%,87.5
compress image for email,0,2,0%,88
convert image to jpg format,0,2,0%,88
image converter to jpg file,0,2,0%,88
images convert to jpg,0,2,0%,88